{
    "id": 10565740,
    "name": "Bloodbath",
    "author": "8/10",
    "creators": ["Jan 27, 2024"],
    "verifier": "13 404",
    "verification": "https://www.youtube.com/watch?v=cUVynwCqAGo&t=244s",
    "percentToQualify": "100",
    "password": "Based",
    "records": [
        {
            "user": "OK1324",
            "link": "https://youtu.be/Vwy43Z1pUKY",
            "percent": 100,
            "hz": 240
        },
        {
            "user": "C0LoRzz",
            "link": "https://youtu.be/H_son0DH4CA",
            "percent": 100,
            "hz": 80
        },
        {
            "user": "megacast",
            "link": "https://www.youtube.com/watch?v=RNBTrPNbFNg",
            "percent": 100,
            "hz": 240
        },
        {
            "user": "Marko",
            "link": "https://youtu.be/qAn9jAsyhjs?si=qP10rlSk9aRitraC",
            "percent": 100,
            "hz": 144
        }
    ]
}
