{
    "id": 3979721,
    "name": "Cataclysm",
    "author": "5/10",
    "creators": ["Oct 14 2022"],
    "verifier": "9 060",
    "verification": "https://www.youtube.com/watch?v=iOhQ2rtnbvI",
    "percentToQualify": "100",
    "password": "Big boob",
    "records": [
        {
            "user": "C0LoRzz",
            "link": "https://youtu.be/cf65U2nsfso",
            "percent": 100,
            "hz": 80
        },
        {
            "user": "JonS17",
            "link": "https://youtu.be/EGroXpIaNPw?si=ZcHsEOEsQUm1NgIS",
            "percent": 100,
            "hz": 240
        },
        {
            "user": "Marko",
            "link": "https://www.youtube.com/watch?v=rb7pMiCcg7Q",
            "percent": 100,
            "hz": 144
        }
    ]
}
