{
    "id": 60284098,
    "name": "Maybe Possibly Thing",
    "author": "10/10",
    "creators": ["May 18 2024"],
    "verifier": "10 807",
    "verification": "https://www.youtube.com/watch?v=MfWEP_9u2JQ&t=11s",
    "percentToQualify": "100",
    "password": "Big boob",
    "records": [
        {
            "user": "lukrasz",
            "link": "https://www.youtube.com/watch?v=m5YCvEre8Us",
            "percent": 100,
            "hz": 120
        },
        {
            "user": "Marko",
            "link": "https://www.youtube.com/watch?v=xr4xCdm-F0g",
            "percent": 100,
            "hz": 144
        }
    ]
}
